1626674560414,"https://juliencoquet.com","pageload","None","_ga_Z370LD62XH","GS1.1.1626674556.1.0.1626674556.60",".juliencoquet.com","/",1689746556,false,false
1626674560414,"https://juliencoquet.com","pageload","None","_ga","GA1.2.696089075.1626674557",".juliencoquet.com","/",1689746556,false,false
1626674560414,"https://juliencoquet.com","pageload","None","_gid","GA1.2.639780165.1626674557",".juliencoquet.com","/",1626760956,false,false
1626674560414,"https://juliencoquet.com","pageload","None","_dc_gtm_UA-7634164-5","1",".juliencoquet.com","/",1626674616,false,false
1626674560414,"https://juliencoquet.com","pageload","None","__gads","ID=87f317d448b1e78d-22ebe77770c900bd:T=1626674557:RT=1626674557:S=ALNI_MYInSKCeUs0KkoxQAjLq_YbvNFG4w",".juliencoquet.com","/",1660370557,false,false
1626674560414,"https://juliencoquet.com","pageload","None","FPID","FPID1.2.uagcHXZuy4Hi88PGFnSh5CN8vPwZvehRa495SnPI5E4%3D.1626674557",".juliencoquet.com","/",1689746557.224891,true,true
1626674560414,"https://juliencoquet.com","pageload","None","jcoPageCount","1","juliencoquet.com","/",-1,false,false
1626674560414,"https://juliencoquet.com","pageload","None","IDE","AHWqTUkMzPO3MBORupwUaBgHW4ka6mcuGOzCFCW3ssL9uQPme19sEm4hx3rPSVE04Fc",".doubleclick.net","/",1660370557.783406,true,true
1626674560414,"https://juliencoquet.com","pageload","Lax","__hstc","227126530.1df657ba5c98ee9d55bd7017f8107b3c.1626674559046.1626674559046.1626674559046.1","juliencoquet.com","/",1660370559,false,false
1626674560414,"https://juliencoquet.com","pageload","Lax","hubspotutk","1df657ba5c98ee9d55bd7017f8107b3c","juliencoquet.com","/",1660370559,false,false
1626674560414,"https://juliencoquet.com","pageload","Lax","__hssrc","1","juliencoquet.com","/",-1,false,false
1626674560414,"https://juliencoquet.com","pageload","Lax","__hssc","227126530.1.1626674559047","juliencoquet.com","/",1626676359,false,false

1626676202076,"https://juliencoquet.com","before","None","_ga_Z370LD62XH","GS1.1.1626676192.1.0.1626676192.60",".juliencoquet.com","/",1689748193,false,false
1626676202076,"https://juliencoquet.com","before","None","_ga","GA1.2.566183157.1626676193",".juliencoquet.com","/",1689748193,false,false
1626676202076,"https://juliencoquet.com","before","None","_gid","GA1.2.241160791.1626676193",".juliencoquet.com","/",1626762593,false,false
1626676202076,"https://juliencoquet.com","before","None","__gads","ID=ee21750528aaac8e-2277456870c900d6:T=1626676193:RT=1626676193:S=ALNI_MZWRuASTZ-F2yOGwxqLpR3r_VyvoA",".juliencoquet.com","/",1660372193,false,false
1626676202076,"https://juliencoquet.com","before","None","_dc_gtm_UA-7634164-5","1",".juliencoquet.com","/",1626676253,false,false
1626676202076,"https://juliencoquet.com","before","None","FPID","FPID1.2.LraZBCz8Aco4mukbXVdcqWNg1OeLZ06g1txZ6c6wywc%3D.1626676193",".juliencoquet.com","/",1689748194.401746,true,true
1626676202076,"https://juliencoquet.com","before","None","jcoPageCount","1","juliencoquet.com","/",-1,false,false
1626676202076,"https://juliencoquet.com","before","None","IDE","AHWqTUl-7LE5uSvPL23pn_a9k7AFEvJkFmNR2lWKYk6HYgyJUozAkC3J7iiDgbaz7fs",".doubleclick.net","/",1660372197.505537,true,true
1626676202076,"https://juliencoquet.com","before","None","DSID","NO_DATA",".doubleclick.net","/",1626679798.327548,true,true
1626676202076,"https://juliencoquet.com","before","Lax","__hstc","227126530.34ac06ae5e732129cfb6f633b8aa7801.1626676202047.1626676202047.1626676202047.1","juliencoquet.com","/",1660372202,false,false
1626676202076,"https://juliencoquet.com","before","Lax","hubspotutk","34ac06ae5e732129cfb6f633b8aa7801","juliencoquet.com","/",1660372202,false,false
1626676202076,"https://juliencoquet.com","before","Lax","__hssrc","1","juliencoquet.com","/",-1,false,false
1626676202076,"https://juliencoquet.com","before","Lax","__hssc","227126530.1.1626676202048","juliencoquet.com","/",1626678002,false,false